Workbook

Sheet Transactions
A1: TransactionID | B1: Date | C1: Amount | D1: Currency | E1: Country | F1: Channel | G1: CustomerID
A2: T001 | B2: 45471 | C2: 46069.27 | D2: EUR | E2: ZA | F2: Crypto | G2: C001
A3: T002 | B3: 45333 | C3: 16000.9 | D3: USD | E3: PK | F3: ACH | G3: C002 | J3: Row Labels | K3: Sum of Amount
A4: T003 | B4: 45513 | C4: 14229.43 | D4: EUR | E4: AU | F4: Wallet | G4: C003 | J4: AE | K4: 85850.19
A5: T004 | B5: 45496 | C5: 34119.43 | D5: USD | E5: UK | F5: Wallet | G5: C004 | J5: C030 | K5: 18621.45
A6: T005 | B6: 45422 | C6: 46676.77 | D6: USD | E6: SG | F6: Wallet | G6: C005 | J6: C047 | K6: 15463.62
A7: T006 | B7: 45494 | C7: 19611.7 | D7: USD | E7: BR | F7: ACH | G7: C006 | J7: C057 | K7: 14483.98
A8: T007 | B8: 45480 | C8: 11916.76 | D8: EUR | E8: UK | F8: Card | G8: C007 | J8: C071 | K8: 37281.14
A9: T008 | B9: 45431 | C9: 7055.86 | D9: USD | E9: KR | F9: Card | G9: C008 | J9: AU | K9: 64159.2
A10: T009 | B10: 45345 | C10: 17703.58 | D10: EUR | E10: IR | F10: ACH | G10: C009 | J10: C003 | K10: 14229.43
A11: T010 | B11: 45436 | C11: 14860.19 | D11: GBP | E11: KR | F11: ACH | G11: C010 | J11: C044 | K11: 49929.77
A12: T011 | B12: 45485 | C12: 9407.84 | D12: USD | E12: SG | F12: Wire | G12: C011 | J12: BD | K12: 33148.45
A13: T012 | B13: 45373 | C13: 2772.64 | D13: USD | E13: SE | F13: Card | G13: C012 | J13: C062 | K13: 6382.18
A14: T013 | B14: 45330 | C14: 3643 | D14: USD | E14: HU | F14: Crypto | G14: C013 | J14: C077 | K14: 26766.27
A15: T014 | B15: 45522 | C15: 16629.53 | D15: GBP | E15: NG | F15: ACH | G15: C014 | J15: BR | K15: 179774.72
... A101: T100 | B101: 45449 | C101: 21132.49 | D101: ES | E101: ES | F101: Card | G101: C100 | J101: PK | K101: 16000.9
J102: C002 | K102: 16000.9
J103: RU | K103: 16628.64
J104: C017 | K104: 6643.5
J105: C081 | K105: 9985.14
J106: SA | K106: 96013.47
J107: C023 | K107: 24033.78
J108: C037 | K108: 21509.79
J109: C066 | K109: 8899.36
J110: C068 | K110: 30431.87
J111: C086 | K111: 11138.67
J112: SE | K112: 61442.09
J113: C012 | K113: 2772.64
... J133: C001 | K133: 46069.27
J134: (blank)
J135: (blank)
J136: Grand Total | K136: 2025919

Sheet Customers
A1: CustomerID | B1: Name | C1: DOB | D1: RiskRating | E1: Country | F1: Occupation | G1: Sanctions Check
A2: C001 | B2: Optimus Kim | C2: 30558 | D2: High | E2: ZA | F2: Farmer | G2: =IFERROR(VLOOKUP(B2,Sanctions_PEP!$A$2:$C$11,3,FALSE),"No Match") -> Sanctions
A3: C002 | B3: Bumblebee Tariq | C3: 27406 | D3: Medium | E3: PK | F3: Hospital Admin | G3: =IFERROR(VLOOKUP(B3,Sanctions_PEP!$A$2:$C$11,3,FALSE),"No Match") -> No Match
A4: C003 | B4: Megatron King | C4: 33872 | D4: Low | E4: AU | F4: Police | G4: =IFERROR(VLOOKUP(B4,Sanctions_PEP!$A$2:$C$11,3,FALSE),"No Match") -> No Match
A5: C004 | B5: Jazz Jones | C5: 44699 | D5: Low | E5: UK | F5: Chef | G5: =IFERROR(VLOOKUP(B5,Sanctions_PEP!$A$2:$C$11,3,FALSE),"No Match") -> No Match
A6: C005 | B6: Ratchet Tan | C6: 20173 | D6: Low | E6: SG | F6: Retired | G6: =IFERROR(VLOOKUP(B6,Sanctions_PEP!$A$2:$C$11,3,FALSE),"No Match") -> No Match
A7: C006 | B7: Arcee Silva | C7: 23302 | D7: Low | E7: BR | F7: Pilot | G7: =IFERROR(VLOOKUP(B7,Sanctions_PEP!$A$2:$C$11,3,FALSE),"No Match") -> No Match
A8: C007 | B8: UltraMagnus Jones | C8: 42352 | D8: Low | E8: UK | F8: Student | G8: =IFERROR(VLOOKUP(B8,Sanctions_PEP!$A$2:$C$11,3,FALSE),"No Match") -> No Match
A9: C008 | B9: Starscream Lee | C9: 31482 | D9: Low | E9: KR | F9: Retail | G9: =IFERROR(VLOOKUP(B9,Sanctions_PEP!$A$2:$C$11,3,FALSE),"No Match") -> No Match
A10: C009 | B10: Ironhide Ali | C10: 44533 | D10: High | E10: IR | F10: Farmer | G10: =IFERROR(VLOOKUP(B10,Sanctions_PEP!$A$2:$C$11,3,FALSE),"No Match") -> No Match
A11: C010 | B11: Soundwave Kim | C11: 43784 | D11: Low | E11: KR | F11: Student | G11: =IFERROR(VLOOKUP(B11,Sanctions_PEP!$A$2:$C$11,3,FALSE),"No Match") -> No Match
A12: C011 | B12: Blaster Tan | C12: 25759 | D12: Medium | E12: SG | F12: Lawyer | G12: =IFERROR(VLOOKUP(B12,Sanctions_PEP!$A$2:$C$11,3,FALSE),"No Match") -> No Match
A13: C012 | B13: Wheeljack Jensen | C13: 28584 | D13: Low | E13: SE | F13: Tech Analyst | G13: =IFERROR(VLOOKUP(B13,Sanctions_PEP!$A$2:$C$11,3,FALSE),"No Match") -> No Match
... A101: C100 | B101: Suyin Garcia | C101: 26359 | D101: Low | E101: ES | F101: Consultant | G101: =IFERROR(VLOOKUP(B101,Sanctions_PEP!$A$2:$C$11,3,FALSE),"No Match") -> No Match

Sheet Sanctions_PEP
A1: Name | B1: Country | C1: Type
A2: Optimus Kim | B2: KR | C2: Sanctions
A3: Leia Rahman | B3: BD | C3: PEP
A4: Tony Ali | B4: IR | C4: Sanctions
A5: Han Magnus | B5: HU | C5: PEP
A6: Diana Tariq | B6: PK | C6: Sanctions
A7: Yoda Petros | B7: GR | C7: PEP
A8: Jazz Amin | B8: AE | C8: Sanctions
A9: Jyn Omori | B9: JP | C9: Sanctions
A10: Rogers Ivanov | B10: RU | C10: PEP
A11: Arcee Okafor | B11: NG | C11: Sanctions

Sheet Case_Log
A1: Date | B1: AlertID | C1: Action Taken | D1: Escalation Status | E1: Notes
A2: 45485 | B2: ALRT001 | C2: No action needed | D2: Investigated | E2: Sample case note for No action needed.
A3: 45450 | B3: ALRT002 | C3: No action needed | D3: Escalated | E3: Sample case note for No action needed.
A4: 45463 | B4: ALRT003 | C4: KYC updated | D4: Closed | E4: Sample case note for KYC updated.
A5: 45485 | B5: ALRT004 | C5: Transaction flagged | D5: Investigated | E5: Sample case note for Transaction flagged.
